timestamp,evaluador_id,evaluador_nombre,rol_evaluador,equipo,evaluado_id,evaluado_nombre,rol_evaluado,calificacion,nivel,evidencia_participacion,observacion_trabajo_grupo
2026-09-26T02:36:53+00:00,00112233,"Prueba Sujeto, Test1",Coordinador/a de misión,0,00112234,"Prueba Sujeto, Test2",Especialista anatómico/a,4,"Profesional — Desempeñó las responsabilidades de su rol de manera clara, constante y autónoma, con una participación que contribuyó directamente al avance del equipo.",,
2026-09-26T02:36:53+00:00,00112233,"Prueba Sujeto, Test1",Coordinador/a de misión,0,00112235,"Prueba Sujeto, Test3",Investigador/a biomédico/a,4,"Profesional — Desempeñó las responsabilidades de su rol de manera clara, constante y autónoma, con una participación que contribuyó directamente al avance del equipo.",,
2026-09-26T02:36:53+00:00,00112233,"Prueba Sujeto, Test1",Coordinador/a de misión,0,00112236,"Prueba Sujeto, Test4",Documentador/a,4,"Profesional — Desempeñó las responsabilidades de su rol de manera clara, constante y autónoma, con una participación que contribuyó directamente al avance del equipo.",,
2026-09-26T02:36:53+00:00,00112233,"Prueba Sujeto, Test1",Coordinador/a de misión,0,00112237,"Prueba Sujeto, Test5",Integrador/a y portavoz,4,"Profesional — Desempeñó las responsabilidades de su rol de manera clara, constante y autónoma, con una participación que contribuyó directamente al avance del equipo.",,
2026-09-26T22:02:53+00:00,00554053,"Alatorre Quintero, Naomi",Especialista anatómico/a,2,00553159,"Cruz Montes, Erick",Documentador/a,4,"Profesional — Desempeñó las responsabilidades de su rol de manera clara, constante y autónoma, con una participación que contribuyó directamente al avance del equipo.",Estuvo muy al pendiente de que la organización fuera la correcta,Manejo del tiempo
2026-09-26T22:02:53+00:00,00554053,"Alatorre Quintero, Naomi",Especialista anatómico/a,2,00569611,"González Vargas, Fernanda",Coordinador/a de misión,4,"Profesional — Desempeñó las responsabilidades de su rol de manera clara, constante y autónoma, con una participación que contribuyó directamente al avance del equipo.",Desde el inicio impartió los apartados conde cada quién trabajaría,Seguimiento del proyecto
2026-09-26T22:02:53+00:00,00554053,"Alatorre Quintero, Naomi",Especialista anatómico/a,2,00550849,"Mena Fierro, Daniela",Investigador/a biomédico/a,4,"Profesional — Desempeñó las responsabilidades de su rol de manera clara, constante y autónoma, con una participación que contribuyó directamente al avance del equipo.",Atención rápida a lo que se necesita,Seguimiento del proyecto
2026-09-26T22:02:53+00:00,00554053,"Alatorre Quintero, Naomi",Especialista anatómico/a,2,00554064,"Torres Delgado, Karol Guadalupe",Investigador/a biomédico/a,4,"Profesional — Desempeñó las responsabilidades de su rol de manera clara, constante y autónoma, con una participación que contribuyó directamente al avance del equipo.",Identificaba perfecto con razonamiento en cada apartado que se le requería,Compartir concretamente el conocimiento
2026-09-26T22:02:53+00:00,00554053,"Alatorre Quintero, Naomi",Especialista anatómico/a,2,00546251,"Valdés Arámbula, Sofia Octivela",Integrador/a y portavoz,4,"Profesional — Desempeñó las responsabilidades de su rol de manera clara, constante y autónoma, con una participación que contribuyó directamente al avance del equipo.","Checó punto por punto, dando feedback para las áreas de mejoras antes de entregar",Agrupar concretamente las ideas individuales del grupo
2026-09-26T22:08:04+00:00,00553159,"Cruz Montes, Erick",Documentador/a,2,00554053,"Alatorre Quintero, Naomi",Especialista anatómico/a,4,"Profesional — Desempeñó las responsabilidades de su rol de manera clara, constante y autónoma, con una participación que contribuyó directamente al avance del equipo.",Nos ayudó a identificar las partes concretas del cuerpo humano para la misión,No aplica
2026-09-26T22:08:04+00:00,00553159,"Cruz Montes, Erick",Documentador/a,2,00569611,"González Vargas, Fernanda",Coordinador/a de misión,4,"Profesional — Desempeñó las responsabilidades de su rol de manera clara, constante y autónoma, con una participación que contribuyó directamente al avance del equipo.",Nos supo organizar el trabajo para que cada quien brillara en sus áreas,No aplica
2026-09-26T22:08:04+00:00,00553159,"Cruz Montes, Erick",Documentador/a,2,00550849,"Mena Fierro, Daniela",Investigador/a biomédico/a,4,"Profesional — Desempeñó las responsabilidades de su rol de manera clara, constante y autónoma, con una participación que contribuyó directamente al avance del equipo.",Hizo una excelente unión con la Ingeniería Biomédica,No aplica
2026-09-26T22:08:04+00:00,00553159,"Cruz Montes, Erick",Documentador/a,2,00554064,"Torres Delgado, Karol Guadalupe",Investigador/a biomédico/a,4,"Profesional — Desempeñó las responsabilidades de su rol de manera clara, constante y autónoma, con una participación que contribuyó directamente al avance del equipo.",Al igual que Daniela hizo una excelente unión con la Ingeniería Biomédica,No aplica
2026-09-26T22:08:04+00:00,00553159,"Cruz Montes, Erick",Documentador/a,2,00546251,"Valdés Arámbula, Sofia Octivela",Integrador/a y portavoz,4,"Profesional — Desempeñó las responsabilidades de su rol de manera clara, constante y autónoma, con una participación que contribuyó directamente al avance del equipo.",Ayudó a integrar cada parte de los integrantes,No aplica
2026-09-27T05:57:37+00:00,00554064,"Torres Delgado, Karol Guadalupe",Investigador/a biomédico/a,2,00554053,"Alatorre Quintero, Naomi",Especialista anatómico/a,4,"Profesional — Desempeñó las responsabilidades de su rol de manera clara, constante y autónoma, con una participación que contribuyó directamente al avance del equipo.",Hizo todo lo que le correspondía de manera eficiente,Nada todo bien
2026-09-27T05:57:37+00:00,00554064,"Torres Delgado, Karol Guadalupe",Investigador/a biomédico/a,2,00553159,"Cruz Montes, Erick",Documentador/a,4,"Profesional — Desempeñó las responsabilidades de su rol de manera clara, constante y autónoma, con una participación que contribuyó directamente al avance del equipo.",Fue de gran apoyo al equipo,Nada todo bien
2026-09-27T05:57:37+00:00,00554064,"Torres Delgado, Karol Guadalupe",Investigador/a biomédico/a,2,00569611,"González Vargas, Fernanda",Coordinador/a de misión,4,"Profesional — Desempeñó las responsabilidades de su rol de manera clara, constante y autónoma, con una participación que contribuyó directamente al avance del equipo.",Organizó y dirigió al equipo,Todo bien
2026-09-27T05:57:37+00:00,00554064,"Torres Delgado, Karol Guadalupe",Investigador/a biomédico/a,2,00550849,"Mena Fierro, Daniela",Investigador/a biomédico/a,4,"Profesional — Desempeñó las responsabilidades de su rol de manera clara, constante y autónoma, con una participación que contribuyó directamente al avance del equipo.",Ayudó al equipo,Que se comunique más en el grupo
2026-09-27T05:57:37+00:00,00554064,"Torres Delgado, Karol Guadalupe",Investigador/a biomédico/a,2,00546251,"Valdés Arámbula, Sofia Octivela",Integrador/a y portavoz,4,"Profesional — Desempeñó las responsabilidades de su rol de manera clara, constante y autónoma, con una participación que contribuyó directamente al avance del equipo.",Fue responsable y atenta en las actividades,Nada todo bien
